n,m,p,q,a1,a2,a3,a4
0.15,0.31,1.1,1.58,0.58,1.58,2.58,1.31
0.1,0.25,1.26,1.94,0.68,1.68,2.68,1.25
0.14,0.32,1.16,2.27,0.78,1.78,2.78,1.32
0.03,0.47,1.44,2.38,0.89,1.89,2.89,1.47
0.04,0.27,1.08,1.74,0.66,1.66,2.66,1.27
0.19,0.48,1.25,1.88,0.76,1.76,2.76,1.48
0.06,0.25,1.38,1.63,0.97,1.97,2.97,1.25
0.05,0.41,1.06,1.66,0.52,1.52,2.52,1.41
0.01,0.48,1.44,1.89,0.61,1.61,2.61,1.48
0.15,0.37,1.47,2.49,0.68,1.68,2.68,1.37
0.1,0.26,1.2,1.82,0.68,1.68,2.68,1.26
0.2,0.43,1.26,2.18,0.64,1.64,2.64,1.43
0.2,0.46,1.33,2.31,0.68,1.68,2.68,1.46
0.02,0.36,1.48,2.16,0.59,1.59,2.59,1.36
0.03,0.3,1.18,1.84,0.79,1.79,2.79,1.3
0.12,0.38,1.22,1.81,0.82,1.82,2.82,1.38
0.11,0.37,1.39,2.02,0.71,1.71,2.71,1.37
0.22,0.45,1.3,2.47,0.58,1.58,2.58,1.45
0.02,0.35,1.18,1.59,0.67,1.67,2.67,1.35
0.12,0.27,1.06,2.11,0.99,1.99,2.99,1.27
0.19,0.28,1.12,2.06,0.63,1.63,2.63,1.28
0.02,0.31,1.29,1.73,0.79,1.79,2.79,1.31
0.17,0.48,1.21,2.29,0.66,1.66,2.66,1.48
0.23,0.39,1.5,2.3,0.56,1.56,2.56,1.39
0.02,0.37,1.27,1.97,0.99,1.99,2.99,1.37
0.24,0.42,1.46,1.78,0.93,1.93,2.93,1.42
0.14,0.35,1.15,2.48,0.58,1.58,2.58,1.35
0.16,0.25,1.04,2.23,0.55,1.55,2.55,1.25
0.24,0.46,1.29,2.35,0.97,1.97,2.97,1.46
0.05,0.42,1.02,1.91,0.84,1.84,2.84,1.42
0.01,0.33,1.16,2.04,0.83,1.83,2.83,1.33
0.12,0.25,1.41,2.38,0.62,1.62,2.62,1.25
0.2,0.44,1.34,2.08,0.59,1.59,2.59,1.44
0.2,0.3,1.22,1.64,0.94,1.94,2.94,1.3
0.23,0.31,1.2,1.88,0.83,1.83,2.83,1.31
0.14,0.27,1.26,2.43,0.87,1.87,2.87,1.27
0.13,0.4,1.09,1.56,0.68,1.68,2.68,1.4
0.18,0.43,1.48,2.23,0.62,1.62,2.62,1.43
0.21,0.37,1.35,2.17,0.54,1.54,2.54,1.37
0.17,0.28,1.18,2.44,0.99,1.99,2.99,1.28
0.04,0.45,1.31,1.81,0.79,1.79,2.79,1.45
0.14,0.33,1.39,1.54,0.7,1.7,2.7,1.33
0.01,0.45,1.03,2.11,0.51,1.51,2.51,1.45
0.19,0.45,1.18,2.06,0.67,1.67,2.67,1.45
0.07,0.41,1.3,2.26,0.54,1.54,2.54,1.41
0.09,0.34,1.17,2.01,0.66,1.66,2.66,1.34
0.06,0.49,1.42,2.16,0.75,1.75,2.75,1.49
0.11,0.46,1.38,2.16,0.55,1.55,2.55,1.46
0.16,0.42,1.12,1.57,0.57,1.57,2.57,1.42
0.12,0.41,1.3,1.81,0.63,1.63,2.63,1.41
0.17,0.39,1.5,1.99,0.67,1.67,2.67,1.39
0.03,0.45,1.3,1.94,0.86,1.86,2.86,1.45
0.21,0.31,1.07,1.54,0.78,1.78,2.78,1.31
0.07,0.26,1.35,2.23,0.93,1.93,2.93,1.26
0.21,0.38,1.23,1.86,0.5,1.5,2.5,1.38
0.01,0.4,1.36,2,0.52,1.52,2.52,1.4
0.14,0.35,1.39,1.84,0.8,1.8,2.8,1.35
0.15,0.27,1.21,2.46,0.9,1.9,2.9,1.27
0.12,0.24,1.1,2.08,0.85,1.85,2.85,1.24
0.06,0.43,1.22,1.85,0.74,1.74,2.74,1.43
0.16,0.24,1.32,2.45,0.77,1.77,2.77,1.24
0.17,0.44,1.23,1.55,0.89,1.89,2.89,1.44
0.13,0.37,1.02,2,0.55,1.55,2.55,1.37
0.16,0.32,1.01,1.99,0.51,1.51,2.51,1.32
0.23,0.4,1.37,1.89,1,2,3,1.4
0.15,0.49,1.25,2.41,0.86,1.86,2.86,1.49
0.08,0.37,1.03,1.79,0.64,1.64,2.64,1.37
0.1,0.43,1.26,2.09,0.88,1.88,2.88,1.43
0.05,0.29,1.43,1.56,0.89,1.89,2.89,1.29
0.23,0.33,1.42,2.41,0.82,1.82,2.82,1.33
0.21,0.41,1.48,2.23,0.62,1.62,2.62,1.41
0.09,0.35,1.19,1.66,0.88,1.88,2.88,1.35
0.05,0.24,1.09,2.02,0.87,1.87,2.87,1.24
0.05,0.34,1.31,1.54,0.62,1.62,2.62,1.34
0.07,0.45,1.05,2.42,0.78,1.78,2.78,1.45
0.12,0.44,1.26,2.44,0.94,1.94,2.94,1.44
0.06,0.37,1.33,2.13,0.66,1.66,2.66,1.37
0.02,0.47,1.25,2.19,0.85,1.85,2.85,1.47
0.07,0.39,1.44,1.54,0.69,1.69,2.69,1.39
0.06,0.4,1.07,1.53,0.62,1.62,2.62,1.4
0.02,0.47,1.03,1.65,0.96,1.96,2.96,1.47
0.05,0.32,1.3,1.76,0.9,1.9,2.9,1.32
0.14,0.38,1.31,1.79,0.59,1.59,2.59,1.38
0.04,0.31,1.01,2.27,0.78,1.78,2.78,1.31
0.13,0.45,1.25,1.86,0.66,1.66,2.66,1.45
0.07,0.41,1.09,2.22,0.59,1.59,2.59,1.41
0.06,0.34,1.37,1.68,0.98,1.98,2.98,1.34
0.08,0.35,1.5,2.15,0.65,1.65,2.65,1.35
0.06,0.26,1.29,1.68,0.76,1.76,2.76,1.26
0.02,0.48,1.02,2.15,0.86,1.86,2.86,1.48
0.05,0.39,1.1,1.68,0.63,1.63,2.63,1.39
0.16,0.31,1.21,1.73,0.5,1.5,2.5,1.31
0.22,0.25,1.47,2.29,0.89,1.89,2.89,1.25
0.04,0.49,1.07,2.01,0.93,1.93,2.93,1.49
0.03,0.4,1.19,2.32,0.66,1.66,2.66,1.4
0.01,0.35,1.27,2.43,0.76,1.76,2.76,1.35
0.07,0.4,1.29,2.46,0.55,1.55,2.55,1.4
0.24,0.43,1.19,2.42,0.83,1.83,2.83,1.43
0.06,0.39,1.37,1.64,0.59,1.59,2.59,1.39
0.13,0.36,1.5,2.44,0.5,1.5,2.5,1.36
0.17,0.24,1.5,1.57,0.91,1.91,2.91,1.24
0.04,0.34,1.37,1.88,0.85,1.85,2.85,1.34
0.21,0.36,1.45,1.62,0.58,1.58,2.58,1.36
0.13,0.3,1.38,1.97,0.96,1.96,2.96,1.3
0.11,0.31,1.4,1.53,0.69,1.69,2.69,1.31
0.11,0.44,1.21,2,0.52,1.52,2.52,1.44
0.05,0.49,1.14,1.59,0.92,1.92,2.92,1.49
0.12,0.25,1.5,1.56,0.54,1.54,2.54,1.25
0.17,0.4,1.4,2.15,0.85,1.85,2.85,1.4
0.04,0.37,1.13,2.16,0.91,1.91,2.91,1.37
0.08,0.4,1.33,1.7,0.85,1.85,2.85,1.4
0.05,0.25,1.06,2.16,0.63,1.63,2.63,1.25
0.19,0.31,1.15,1.55,0.76,1.76,2.76,1.31
0.19,0.24,1.08,1.66,0.82,1.82,2.82,1.24
0.23,0.49,1.26,2.48,0.58,1.58,2.58,1.49
0.15,0.37,1.2,1.89,0.51,1.51,2.51,1.37
0.14,0.41,1.5,1.64,0.85,1.85,2.85,1.41
0.16,0.32,1.08,1.59,0.56,1.56,2.56,1.32
0.24,0.44,1.43,2.17,0.91,1.91,2.91,1.44
0.06,0.25,1.03,1.51,0.67,1.67,2.67,1.25
0.23,0.29,1.47,2.45,0.61,1.61,2.61,1.29
0.04,0.37,1.04,1.85,0.76,1.76,2.76,1.37
0.18,0.39,1.43,2.2,0.67,1.67,2.67,1.39
0.19,0.34,1.34,2.42,0.62,1.62,2.62,1.34
0.23,0.35,1.48,1.55,0.8,1.8,2.8,1.35
0.08,0.4,1.27,2.44,0.52,1.52,2.52,1.4
0.01,0.25,1.44,1.92,0.52,1.52,2.52,1.25
0.02,0.26,1.17,2.27,0.94,1.94,2.94,1.26
0.16,0.35,1.29,1.74,0.52,1.52,2.52,1.35
0.09,0.49,1.47,1.88,0.85,1.85,2.85,1.49
0.09,0.42,1.35,2.03,0.69,1.69,2.69,1.42
0.16,0.37,1.16,2.07,0.89,1.89,2.89,1.37
0.03,0.49,1.01,2.27,0.81,1.81,2.81,1.49
0.11,0.41,1.29,1.51,0.55,1.55,2.55,1.41
0.09,0.44,1.2,2.04,0.83,1.83,2.83,1.44
0.08,0.25,1.48,2.19,0.71,1.71,2.71,1.25
0.23,0.32,1.45,1.58,0.84,1.84,2.84,1.32
0.08,0.28,1.28,1.9,0.92,1.92,2.92,1.28
0.05,0.42,1.36,1.61,0.6,1.6,2.6,1.42
0.18,0.35,1.33,2.1,0.92,1.92,2.92,1.35
0.13,0.27,1.25,1.77,0.54,1.54,2.54,1.27
0.05,0.37,1.34,1.52,0.71,1.71,2.71,1.37
0.15,0.24,1.43,2.19,0.9,1.9,2.9,1.24
0.01,0.49,1.41,2.39,0.59,1.59,2.59,1.49
0.11,0.41,1.32,2.17,1,2,3,1.41
0.17,0.48,1.22,2.01,0.53,1.53,2.53,1.48
0.18,0.29,1.38,2.21,0.99,1.99,2.99,1.29
0.23,0.49,1.39,2.5,0.86,1.86,2.86,1.49
0.12,0.4,1.23,1.61,0.95,1.95,2.95,1.4
0.03,0.36,1.25,1.82,0.74,1.74,2.74,1.36
0.19,0.46,1.49,1.61,0.54,1.54,2.54,1.46
0.16,0.31,1.28,1.85,0.92,1.92,2.92,1.31
0.03,0.38,1.18,1.82,0.54,1.54,2.54,1.38
0.07,0.41,1.24,1.86,0.68,1.68,2.68,1.41
0.01,0.27,1.14,1.82,0.51,1.51,2.51,1.27
0.15,0.34,1.32,1.62,0.53,1.53,2.53,1.34
0.12,0.27,1.01,1.64,0.56,1.56,2.56,1.27
0.16,0.34,1.14,1.55,0.74,1.74,2.74,1.34
0.22,0.37,1.26,2.18,0.88,1.88,2.88,1.37
0.17,0.31,1.45,2.44,0.51,1.51,2.51,1.31
0.14,0.49,1.19,2.11,0.89,1.89,2.89,1.49
0.06,0.35,1.17,2.12,0.93,1.93,2.93,1.35
0.07,0.44,1.24,1.59,0.58,1.58,2.58,1.44
0.02,0.36,1.02,1.83,0.91,1.91,2.91,1.36
0.14,0.35,1.19,1.92,0.73,1.73,2.73,1.35
0.21,0.46,1.12,1.69,0.74,1.74,2.74,1.46
0.03,0.48,1.03,2.44,0.85,1.85,2.85,1.48
0.19,0.47,1.33,1.7,0.93,1.93,2.93,1.47
0.1,0.31,1.24,2,0.81,1.81,2.81,1.31
0.11,0.44,1.22,1.97,0.9,1.9,2.9,1.44
0.13,0.42,1.2,2.34,0.8,1.8,2.8,1.42
0.12,0.28,1.08,1.76,0.56,1.56,2.56,1.28
0.13,0.47,1.05,2.34,0.57,1.57,2.57,1.47
0.13,0.27,1.2,1.69,0.91,1.91,2.91,1.27
0.02,0.44,1.33,2.37,0.96,1.96,2.96,1.44
0.1,0.44,1.06,1.86,0.92,1.92,2.92,1.44
0.24,0.44,1.3,1.86,0.85,1.85,2.85,1.44
0.22,0.24,1.12,2.44,0.81,1.81,2.81,1.24
0.17,0.27,1.21,1.6,0.63,1.63,2.63,1.27
0.21,0.26,1.09,1.96,0.68,1.68,2.68,1.26
0.08,0.43,1.32,1.65,0.89,1.89,2.89,1.43
0.24,0.31,1.14,1.78,0.78,1.78,2.78,1.31
0.15,0.3,1.28,1.87,0.86,1.86,2.86,1.3
0.04,0.25,1.27,1.73,0.5,1.5,2.5,1.25
0.05,0.46,1.05,2.1,0.76,1.76,2.76,1.46
0.13,0.41,1.33,2.4,0.94,1.94,2.94,1.41
0.03,0.44,1.5,2.35,0.61,1.61,2.61,1.44
0.07,0.37,1.14,2.25,0.78,1.78,2.78,1.37
0.24,0.48,1.01,1.63,0.91,1.91,2.91,1.48
0.1,0.49,1.09,1.89,0.51,1.51,2.51,1.49
0.16,0.32,1.21,2.43,0.79,1.79,2.79,1.32
0.03,0.25,1.42,2.05,0.72,1.72,2.72,1.25
0.17,0.46,1.45,1.85,0.5,1.5,2.5,1.46
0.1,0.4,1.26,2.33,0.56,1.56,2.56,1.4
0.09,0.39,1.13,2.23,0.82,1.82,2.82,1.39
0.15,0.38,1.28,2.15,0.89,1.89,2.89,1.38
0.03,0.4,1.45,2.3,0.62,1.62,2.62,1.4
0.03,0.29,1.38,2.29,0.51,1.51,2.51,1.29
0.03,0.41,1.35,1.65,0.85,1.85,2.85,1.41
0.22,0.35,1.3,2.15,0.56,1.56,2.56,1.35
0.24,0.37,1.04,1.72,0.64,1.64,2.64,1.37
0.17,0.4,1.5,1.89,0.83,1.83,2.83,1.4
0.15,0.32,1.26,2.31,0.8,1.8,2.8,1.32
0.14,0.26,1.26,1.66,0.57,1.57,2.57,1.26
0.19,0.32,1.47,2.23,0.61,1.61,2.61,1.32
0.13,0.48,1.28,2.12,0.7,1.7,2.7,1.48
0.18,0.27,1.38,1.79,0.96,1.96,2.96,1.27
0.22,0.25,1.41,1.79,0.64,1.64,2.64,1.25
0.21,0.39,1.34,1.98,0.94,1.94,2.94,1.39
0.01,0.26,1.2,2.47,0.79,1.79,2.79,1.26
0.08,0.31,1.32,1.81,0.85,1.85,2.85,1.31
0.24,0.35,1.05,2.35,0.72,1.72,2.72,1.35
0.05,0.48,1.16,2.34,0.74,1.74,2.74,1.48
0.11,0.41,1.45,2.29,0.55,1.55,2.55,1.41
0.01,0.49,1.38,2.48,0.96,1.96,2.96,1.49
0.03,0.48,1.29,2.47,0.82,1.82,2.82,1.48
0.05,0.39,1.14,2.22,0.72,1.72,2.72,1.39
0.01,0.4,1.3,1.87,0.94,1.94,2.94,1.4
0.1,0.38,1.43,1.97,0.73,1.73,2.73,1.38
0.16,0.39,1.12,1.88,0.67,1.67,2.67,1.39
0.01,0.42,1.11,2.41,0.92,1.92,2.92,1.42
0.07,0.33,1.44,2.17,0.91,1.91,2.91,1.33
0.17,0.48,1.02,1.78,0.91,1.91,2.91,1.48
0.06,0.46,1.47,2.14,0.54,1.54,2.54,1.46
0.1,0.49,1.11,2.42,1,2,3,1.49
0.14,0.49,1.25,1.61,0.92,1.92,2.92,1.49
0.04,0.44,1.23,2.23,0.62,1.62,2.62,1.44
0.09,0.45,1.13,2.2,0.59,1.59,2.59,1.45
0.21,0.46,1.41,2.39,0.81,1.81,2.81,1.46
0.11,0.3,1.25,2.34,0.53,1.53,2.53,1.3
0.2,0.25,1.32,1.64,0.78,1.78,2.78,1.25
0.24,0.26,1.08,2.13,0.54,1.54,2.54,1.26
0.18,0.49,1.36,2.05,0.91,1.91,2.91,1.49
0.2,0.26,1.25,1.73,0.67,1.67,2.67,1.26
0.18,0.4,1.49,1.96,0.74,1.74,2.74,1.4
0.08,0.33,1.31,2.28,0.94,1.94,2.94,1.33
0.19,0.33,1.06,2.47,0.84,1.84,2.84,1.33
0.15,0.48,1.11,2.21,0.6,1.6,2.6,1.48
0.19,0.44,1.11,2.39,0.84,1.84,2.84,1.44
0.09,0.4,1.19,1.93,0.89,1.89,2.89,1.4
0.17,0.49,1.12,2.09,0.6,1.6,2.6,1.49
0.03,0.42,1.28,1.52,0.72,1.72,2.72,1.42
0.02,0.31,1.13,1.99,0.61,1.61,2.61,1.31
0.16,0.47,1.38,2.43,0.68,1.68,2.68,1.47
0.06,0.28,1.33,2.33,0.79,1.79,2.79,1.28
0.03,0.44,1.32,1.57,0.79,1.79,2.79,1.44
0.16,0.26,1.05,1.68,0.98,1.98,2.98,1.26
0.03,0.35,1.49,2.41,0.95,1.95,2.95,1.35
0.1,0.44,1.21,1.59,0.62,1.62,2.62,1.44
0.01,0.25,1.15,2.12,0.9,1.9,2.9,1.25
0.2,0.43,1.06,2.17,0.57,1.57,2.57,1.43
0.09,0.4,1.46,1.63,0.61,1.61,2.61,1.4
0.09,0.24,1.36,2.23,0.79,1.79,2.79,1.24
0.17,0.24,1.02,1.61,0.79,1.79,2.79,1.24
0.03,0.43,1.35,2.33,0.74,1.74,2.74,1.43
0.22,0.46,1.25,2.05,0.73,1.73,2.73,1.46
0.03,0.35,1.43,2.5,0.86,1.86,2.86,1.35
0.02,0.42,1.46,2.33,0.93,1.93,2.93,1.42
0.19,0.32,1.05,2.23,0.55,1.55,2.55,1.32
0.18,0.36,1.21,1.63,0.77,1.77,2.77,1.36
0.02,0.31,1.09,1.86,0.92,1.92,2.92,1.31
0.04,0.26,1.29,1.56,0.64,1.64,2.64,1.26
0.09,0.43,1.11,1.64,0.78,1.78,2.78,1.43
0.08,0.4,1.23,2.47,0.53,1.53,2.53,1.4
0.22,0.24,1.09,2.39,0.7,1.7,2.7,1.24
0.23,0.33,1.28,1.77,0.53,1.53,2.53,1.33
0.23,0.25,1.2,2.22,1,2,3,1.25
0.24,0.31,1.47,1.78,0.97,1.97,2.97,1.31
0.09,0.26,1.21,1.58,0.57,1.57,2.57,1.26
0.1,0.38,1.22,2.12,0.75,1.75,2.75,1.38
0.2,0.36,1.49,1.62,0.89,1.89,2.89,1.36
0.06,0.35,1.23,2.1,0.61,1.61,2.61,1.35
0.13,0.38,1.22,2.23,0.97,1.97,2.97,1.38
0.23,0.44,1.33,1.84,0.89,1.89,2.89,1.44
0.05,0.36,1.04,1.61,0.82,1.82,2.82,1.36
0.22,0.42,1.02,1.81,0.92,1.92,2.92,1.42
0.03,0.38,1.02,2.38,0.73,1.73,2.73,1.38
0.21,0.37,1.4,2.2,0.5,1.5,2.5,1.37
0.06,0.4,1.2,1.84,0.87,1.87,2.87,1.4
0.2,0.46,1.06,2.21,0.88,1.88,2.88,1.46
0.14,0.36,1.01,2.15,0.58,1.58,2.58,1.36
0.01,0.38,1.06,2.06,0.99,1.99,2.99,1.38
0.17,0.43,1.45,1.77,0.62,1.62,2.62,1.43
0.06,0.26,1.49,1.7,0.86,1.86,2.86,1.26
0.08,0.41,1.37,2.5,0.71,1.71,2.71,1.41
0.05,0.38,1.3,2.5,0.79,1.79,2.79,1.38
0.2,0.45,1.03,2.49,0.57,1.57,2.57,1.45
0.15,0.4,1.38,2.24,0.93,1.93,2.93,1.4
0.17,0.45,1.3,2.04,0.74,1.74,2.74,1.45
0.17,0.33,1.42,2.07,0.92,1.92,2.92,1.33
0.17,0.4,1.38,1.63,0.65,1.65,2.65,1.4
0.1,0.43,1.02,1.87,0.64,1.64,2.64,1.43
0.23,0.4,1.09,2.01,0.67,1.67,2.67,1.4
0.16,0.35,1.02,2.02,0.95,1.95,2.95,1.35
0.15,0.31,1.22,1.95,0.61,1.61,2.61,1.31
0.17,0.3,1.27,1.62,0.75,1.75,2.75,1.3
0.16,0.26,1.42,2.41,0.68,1.68,2.68,1.26
0.12,0.43,1.49,2.22,0.78,1.78,2.78,1.43
0.22,0.38,1.09,2.29,0.64,1.64,2.64,1.38
0.09,0.43,1.08,1.7,0.55,1.55,2.55,1.43
0.09,0.27,1.02,2.02,0.5,1.5,2.5,1.27
0.13,0.24,1.14,2.4,0.61,1.61,2.61,1.24
0.22,0.35,1.28,2.09,0.59,1.59,2.59,1.35
0.15,0.49,1.11,1.83,0.64,1.64,2.64,1.49
0.16,0.34,1.22,2.41,0.69,1.69,2.69,1.34
0.17,0.29,1.27,2.17,0.89,1.89,2.89,1.29
0.16,0.24,1.22,2.4,0.6,1.6,2.6,1.24
0.19,0.38,1.01,1.76,0.74,1.74,2.74,1.38
0.04,0.47,1.16,1.73,0.79,1.79,2.79,1.47
0.15,0.35,1.25,1.77,0.76,1.76,2.76,1.35
0.09,0.41,1.12,2.5,0.86,1.86,2.86,1.41
0.1,0.34,1.46,1.8,0.91,1.91,2.91,1.34
0.21,0.44,1.19,2.1,0.72,1.72,2.72,1.44
0.22,0.28,1.15,2.31,0.88,1.88,2.88,1.28
0.09,0.39,1.35,1.53,0.55,1.55,2.55,1.39
0.2,0.32,1.06,1.73,0.96,1.96,2.96,1.32
0.05,0.3,1.25,1.95,0.62,1.62,2.62,1.3
0.02,0.46,1.47,1.87,0.75,1.75,2.75,1.46
0.17,0.25,1.12,2.29,0.98,1.98,2.98,1.25
0.14,0.32,1.36,2.18,0.69,1.69,2.69,1.32
0.05,0.32,1.15,2.19,0.89,1.89,2.89,1.32
0.13,0.3,1.36,2.22,0.68,1.68,2.68,1.3
0.2,0.42,1.21,1.9,0.52,1.52,2.52,1.42
0.19,0.29,1.23,2.2,0.71,1.71,2.71,1.29
0.06,0.41,1.46,1.54,0.92,1.92,2.92,1.41
0.21,0.37,1.28,2.1,0.83,1.83,2.83,1.37
0.2,0.39,1.43,1.6,0.58,1.58,2.58,1.39
0.18,0.27,1.21,2.09,0.69,1.69,2.69,1.27
0.17,0.35,1.14,1.63,0.68,1.68,2.68,1.35
0.24,0.38,1.5,1.72,0.57,1.57,2.57,1.38
0.11,0.43,1.25,1.71,0.9,1.9,2.9,1.43
0.05,0.24,1.24,2.47,0.78,1.78,2.78,1.24
0.1,0.28,1.23,2.41,0.97,1.97,2.97,1.28
0.01,0.46,1.44,2.34,0.65,1.65,2.65,1.46
0.23,0.44,1.41,2.46,0.86,1.86,2.86,1.44
0.05,0.3,1.2,2.12,0.96,1.96,2.96,1.3
0.2,0.36,1.47,2.42,0.8,1.8,2.8,1.36
0.22,0.46,1.21,2.15,0.71,1.71,2.71,1.46
0.1,0.47,1.03,2.34,0.59,1.59,2.59,1.47
0.05,0.32,1.44,2.04,0.62,1.62,2.62,1.32
0.03,0.47,1.21,1.74,0.81,1.81,2.81,1.47
0.04,0.38,1.18,1.9,0.98,1.98,2.98,1.38
0.08,0.37,1.34,1.58,0.84,1.84,2.84,1.37
0.04,0.42,1.38,2.47,0.9,1.9,2.9,1.42
0.04,0.46,1.19,1.76,0.75,1.75,2.75,1.46
0.23,0.25,1.26,1.95,0.51,1.51,2.51,1.25
0.07,0.28,1.37,1.78,0.95,1.95,2.95,1.28
0.12,0.34,1.33,1.89,0.72,1.72,2.72,1.34
0.06,0.43,1.25,1.96,0.67,1.67,2.67,1.43
0.16,0.42,1.1,2.2,0.52,1.52,2.52,1.42
0.03,0.31,1.33,1.87,0.64,1.64,2.64,1.31
0.13,0.3,1.47,1.93,0.5,1.5,2.5,1.3
0.07,0.36,1.5,2.29,0.8,1.8,2.8,1.36
0.06,0.47,1.05,1.77,0.53,1.53,2.53,1.47
0.23,0.36,1.1,2.39,0.61,1.61,2.61,1.36
0.15,0.43,1.36,2.15,0.63,1.63,2.63,1.43
0.19,0.49,1.47,1.6,0.95,1.95,2.95,1.49
0.05,0.37,1.29,2.09,0.84,1.84,2.84,1.37
0.04,0.24,1.33,1.6,0.61,1.61,2.61,1.24
0.24,0.4,1.05,2.25,0.92,1.92,2.92,1.4
0.01,0.37,1.17,1.74,0.56,1.56,2.56,1.37
0.08,0.3,1.38,2.15,1,2,3,1.3
0.11,0.26,1.24,1.54,0.67,1.67,2.67,1.26
0.18,0.39,1.47,2.09,0.51,1.51,2.51,1.39
0.15,0.45,1.42,2.2,0.96,1.96,2.96,1.45
0.04,0.44,1.19,1.67,0.53,1.53,2.53,1.44
0.21,0.33,1.34,1.81,0.76,1.76,2.76,1.33
0.24,0.38,1.09,2.34,0.68,1.68,2.68,1.38
0.2,0.35,1.08,1.75,0.81,1.81,2.81,1.35
0.24,0.38,1.2,2.07,0.83,1.83,2.83,1.38
0.01,0.46,1.19,2.09,0.67,1.67,2.67,1.46
0.2,0.46,1.33,2.22,0.98,1.98,2.98,1.46
0.1,0.35,1.26,2.24,0.76,1.76,2.76,1.35
0.23,0.27,1.32,2.41,0.81,1.81,2.81,1.27
0.14,0.28,1.49,2.46,0.78,1.78,2.78,1.28
0.09,0.41,1.48,2.15,0.97,1.97,2.97,1.41
0.21,0.29,1.07,1.77,0.64,1.64,2.64,1.29
0.14,0.49,1.36,2.46,0.5,1.5,2.5,1.49
0.16,0.35,1.26,2.41,0.93,1.93,2.93,1.35
0.12,0.29,1.22,1.77,0.71,1.71,2.71,1.29
0.02,0.39,1.39,2.2,0.65,1.65,2.65,1.39
0.07,0.49,1.18,2.03,0.63,1.63,2.63,1.49
0.17,0.35,1.28,1.59,0.65,1.65,2.65,1.35
0.2,0.24,1.19,1.95,0.76,1.76,2.76,1.24
0.23,0.27,1.45,1.73,0.76,1.76,2.76,1.27
0.13,0.31,1.11,2.35,0.82,1.82,2.82,1.31
0.1,0.24,1.45,1.77,0.61,1.61,2.61,1.24
0.09,0.26,1.2,1.97,0.7,1.7,2.7,1.26
0.07,0.45,1.28,1.77,0.96,1.96,2.96,1.45
0.13,0.4,1.01,2.15,0.73,1.73,2.73,1.4
0.02,0.36,1.49,2.33,0.69,1.69,2.69,1.36
0.01,0.3,1.31,2.3,0.86,1.86,2.86,1.3
0.08,0.38,1.38,1.65,0.53,1.53,2.53,1.38
0.2,0.47,1.45,1.68,0.52,1.52,2.52,1.47
0.24,0.44,1.03,2.22,0.67,1.67,2.67,1.44
0.09,0.27,1.31,2.06,0.95,1.95,2.95,1.27
0.18,0.47,1.03,2.09,0.78,1.78,2.78,1.47
0.19,0.44,1.21,2.15,0.88,1.88,2.88,1.44
0.12,0.48,1.48,2.08,0.97,1.97,2.97,1.48
0.22,0.38,1.34,1.66,0.92,1.92,2.92,1.38
0.06,0.25,1.48,2.15,0.53,1.53,2.53,1.25
0.13,0.38,1.07,1.53,0.65,1.65,2.65,1.38
0.1,0.29,1.23,1.98,0.84,1.84,2.84,1.29
0.16,0.34,1.13,2.04,0.84,1.84,2.84,1.34
0.05,0.42,1.09,1.66,0.98,1.98,2.98,1.42
0.16,0.31,1.32,2.15,0.66,1.66,2.66,1.31
0.08,0.42,1.21,2.21,0.73,1.73,2.73,1.42
0.02,0.28,1.31,1.85,0.58,1.58,2.58,1.28
0.22,0.24,1.05,2.23,0.93,1.93,2.93,1.24
0.23,0.4,1.16,1.53,0.52,1.52,2.52,1.4
0.24,0.25,1.32,1.52,0.78,1.78,2.78,1.25
0.09,0.31,1.47,1.55,0.66,1.66,2.66,1.31
0.18,0.42,1.13,1.57,0.86,1.86,2.86,1.42
0.21,0.38,1.36,1.83,0.74,1.74,2.74,1.38
0.21,0.37,1.24,1.59,0.93,1.93,2.93,1.37
0.24,0.33,1.1,1.96,0.53,1.53,2.53,1.33
0.21,0.33,1.14,1.72,0.94,1.94,2.94,1.33
0.01,0.3,1.17,1.61,0.58,1.58,2.58,1.3
0.18,0.32,1.07,1.6,0.51,1.51,2.51,1.32
0.09,0.37,1.49,1.75,0.99,1.99,2.99,1.37
0.09,0.36,1.43,2.43,1,2,3,1.36
0.2,0.39,1.06,2.44,0.6,1.6,2.6,1.39
0.23,0.46,1.01,2.13,0.69,1.69,2.69,1.46
0.16,0.49,1.11,2.09,0.58,1.58,2.58,1.49
0.15,0.24,1.45,2.31,0.84,1.84,2.84,1.24
0.12,0.31,1.35,2.22,0.82,1.82,2.82,1.31
0.1,0.37,1.15,1.75,0.75,1.75,2.75,1.37
0.24,0.35,1.44,1.85,0.8,1.8,2.8,1.35
0.14,0.25,1.09,2.43,0.93,1.93,2.93,1.25
0.07,0.34,1.25,2.02,0.62,1.62,2.62,1.34
0.08,0.34,1.04,2.4,0.99,1.99,2.99,1.34
0.03,0.47,1.06,1.95,0.78,1.78,2.78,1.47
0.09,0.35,1.39,1.56,0.66,1.66,2.66,1.35
0.23,0.27,1.08,1.92,0.51,1.51,2.51,1.27
0.06,0.39,1.16,1.77,0.8,1.8,2.8,1.39
0.13,0.25,1.44,2.33,0.95,1.95,2.95,1.25
0.2,0.48,1.24,1.9,0.75,1.75,2.75,1.48
0.11,0.4,1.09,1.52,0.88,1.88,2.88,1.4
0.13,0.45,1.25,2.09,1,2,3,1.45
0.2,0.46,1.1,2.36,0.53,1.53,2.53,1.46
0.15,0.49,1.44,1.86,0.63,1.63,2.63,1.49
0.19,0.45,1.03,2.49,0.58,1.58,2.58,1.45
0.12,0.43,1.02,2.23,0.7,1.7,2.7,1.43
0.14,0.35,1.29,1.95,0.9,1.9,2.9,1.35
0.01,0.38,1.38,2.16,0.52,1.52,2.52,1.38
0.13,0.37,1.29,2.29,0.94,1.94,2.94,1.37
0.19,0.33,1.23,2.12,0.52,1.52,2.52,1.33
0.2,0.39,1.5,2.35,0.8,1.8,2.8,1.39
0.22,0.31,1.04,1.88,0.63,1.63,2.63,1.31
0.17,0.32,1.11,2.1,0.85,1.85,2.85,1.32
0.15,0.24,1.32,1.81,0.78,1.78,2.78,1.24
0.21,0.24,1.2,1.9,1,2,3,1.24
0.07,0.48,1.05,2.3,0.82,1.82,2.82,1.48
0.12,0.35,1.5,1.67,0.8,1.8,2.8,1.35
0.15,0.26,1.36,2.19,0.54,1.54,2.54,1.26
0.12,0.41,1.11,2.04,0.55,1.55,2.55,1.41
0.14,0.27,1.19,2.32,0.78,1.78,2.78,1.27
0.1,0.24,1.1,2.27,0.69,1.69,2.69,1.24
0.2,0.37,1.21,1.57,0.92,1.92,2.92,1.37
0.05,0.49,1.13,1.99,0.99,1.99,2.99,1.49
0.2,0.38,1.35,2.08,0.75,1.75,2.75,1.38
0.19,0.41,1.31,2.15,0.69,1.69,2.69,1.41
0.16,0.45,1.48,2.21,0.5,1.5,2.5,1.45
0.16,0.48,1.08,1.9,0.79,1.79,2.79,1.48
0.06,0.37,1.16,1.66,0.52,1.52,2.52,1.37
0.15,0.29,1.16,1.52,0.68,1.68,2.68,1.29
0.12,0.48,1.1,2.16,0.92,1.92,2.92,1.48
0.05,0.37,1.17,2.15,0.8,1.8,2.8,1.37
0.15,0.36,1.13,1.66,0.72,1.72,2.72,1.36
0.15,0.37,1.42,1.57,0.72,1.72,2.72,1.37
0.23,0.28,1.44,1.73,0.96,1.96,2.96,1.28
0.21,0.26,1.46,1.63,1,2,3,1.26
0.24,0.34,1.45,1.65,0.72,1.72,2.72,1.34
0.01,0.28,1.12,2.01,0.73,1.73,2.73,1.28
0.24,0.43,1.14,2.42,0.53,1.53,2.53,1.43
0.03,0.3,1.39,2.13,0.78,1.78,2.78,1.3
0.02,0.24,1.35,1.67,0.8,1.8,2.8,1.24
0.11,0.34,1.16,2.2,0.52,1.52,2.52,1.34
0.08,0.43,1.23,2.35,0.99,1.99,2.99,1.43
0.1,0.29,1.33,1.57,0.77,1.77,2.77,1.29
0.19,0.37,1.38,2.21,0.66,1.66,2.66,1.37
0.24,0.27,1.47,2.35,0.72,1.72,2.72,1.27
0.19,0.35,1.37,1.93,0.87,1.87,2.87,1.35
0.15,0.25,1.44,1.81,0.81,1.81,2.81,1.25
0.21,0.41,1.15,1.68,0.76,1.76,2.76,1.41
0.22,0.33,1.4,2.08,0.7,1.7,2.7,1.33
0.07,0.48,1.1,1.84,0.5,1.5,2.5,1.48
0.02,0.4,1.31,1.54,0.72,1.72,2.72,1.4
0.24,0.42,1.47,1.84,0.78,1.78,2.78,1.42
0.08,0.48,1.45,2.12,0.79,1.79,2.79,1.48
0.19,0.48,1.44,1.67,0.86,1.86,2.86,1.48
0.03,0.36,1.09,2.15,0.74,1.74,2.74,1.36
0.08,0.45,1.5,1.51,0.95,1.95,2.95,1.45
0.12,0.44,1.19,2.16,0.83,1.83,2.83,1.44
0.05,0.37,1.25,1.77,0.74,1.74,2.74,1.37
0.1,0.48,1.48,2.36,0.79,1.79,2.79,1.48
0.07,0.24,1.07,1.97,0.93,1.93,2.93,1.24
0.19,0.31,1.25,2.07,0.7,1.7,2.7,1.31
0.19,0.45,1.14,2.35,0.77,1.77,2.77,1.45
,,,,,,,
,,,,,,,
,,,,,,,
,,,,,,,
,,,,,,,
,,,,,,,
,,,,,,,
,,,,,,,
,,,,,,,
,,,,,,,
,,,,,,,
,,,,,,,
,,,,,,,
,,,,,,,
,,,,,,,
,,,,,,,
,,,,,,,
,,,,,,,
,,,,,,,
,,,,,,,
,,,,,,,
,,,,,,,
,,,,,,,
,,,,,,,
,,,,,,,
,,,,,,,
,,,,,,,
,,,,,,,
,,,,,,,
,,,,,,,
,,,,,,,
,,,,,,,
,,,,,,,
,,,,,,,
,,,,,,,
,,,,,,,
,,,,,,,
,,,,,,,
,,,,,,,
,,,,,,,
,,,,,,,
,,,,,,,
,,,,,,,
,,,,,,,
,,,,,,,
,,,,,,,
,,,,,,,
,,,,,,,
,,,,,,,
,,,,,,,
,,,,,,,
,,,,,,,
,,,,,,,
,,,,,,,
,,,,,,,
,,,,,,,
,,,,,,,
,,,,,,,
,,,,,,,
,,,,,,,
,,,,,,,
,,,,,,,
,,,,,,,
,,,,,,,
,,,,,,,
,,,,,,,
,,,,,,,
,,,,,,,
,,,,,,,
,,,,,,,
,,,,,,,
,,,,,,,
,,,,,,,
,,,,,,,
,,,,,,,
,,,,,,,
,,,,,,,
,,,,,,,
,,,,,,,
,,,,,,,
,,,,,,,
,,,,,,,
,,,,,,,
,,,,,,,
,,,,,,,
,,,,,,,
,,,,,,,
,,,,,,,
,,,,,,,
,,,,,,,
,,,,,,,
,,,,,,,
,,,,,,,
,,,,,,,
,,,,,,,
,,,,,,,
,,,,,,,
,,,,,,,
,,,,,,,
,,,,,,,
,,,,,,,
,,,,,,,
,,,,,,,
,,,,,,,
,,,,,,,
,,,,,,,
,,,,,,,
,,,,,,,
,,,,,,,
,,,,,,,
,,,,,,,
,,,,,,,
,,,,,,,
,,,,,,,
,,,,,,,
,,,,,,,
,,,,,,,
,,,,,,,
,,,,,,,
,,,,,,,
,,,,,,,
,,,,,,,
,,,,,,,
,,,,,,,
,,,,,,,
,,,,,,,
,,,,,,,
,,,,,,,
,,,,,,,
,,,,,,,
,,,,,,,
,,,,,,,
,,,,,,,
,,,,,,,
,,,,,,,
,,,,,,,
,,,,,,,
,,,,,,,
,,,,,,,
,,,,,,,
,,,,,,,
,,,,,,,
,,,,,,,
,,,,,,,
,,,,,,,
,,,,,,,
,,,,,,,
,,,,,,,
,,,,,,,
,,,,,,,
,,,,,,,
,,,,,,,
,,,,,,,
,,,,,,,
,,,,,,,
,,,,,,,
,,,,,,,
,,,,,,,
,,,,,,,
,,,,,,,
,,,,,,,
,,,,,,,
,,,,,,,
,,,,,,,
,,,,,,,
,,,,,,,
,,,,,,,
,,,,,,,
,,,,,,,
,,,,,,,
,,,,,,,
,,,,,,,
,,,,,,,
,,,,,,,
,,,,,,,
,,,,,,,
,,,,,,,
,,,,,,,
,,,,,,,
,,,,,,,
,,,,,,,
,,,,,,,
,,,,,,,
,,,,,,,
,,,,,,,
,,,,,,,
,,,,,,,
,,,,,,,
,,,,,,,
,,,,,,,
,,,,,,,
,,,,,,,
,,,,,,,
,,,,,,,
,,,,,,,
,,,,,,,
,,,,,,,
,,,,,,,
,,,,,,,
,,,,,,,
,,,,,,,
,,,,,,,
,,,,,,,
,,,,,,,
,,,,,,,
,,,,,,,
,,,,,,,
,,,,,,,
,,,,,,,
,,,,,,,
,,,,,,,
,,,,,,,
,,,,,,,
,,,,,,,
,,,,,,,
,,,,,,,
,,,,,,,
,,,,,,,
,,,,,,,
,,,,,,,
,,,,,,,
,,,,,,,
,,,,,,,
,,,,,,,
,,,,,,,
,,,,,,,
,,,,,,,
,,,,,,,
,,,,,,,
,,,,,,,
,,,,,,,
,,,,,,,
,,,,,,,
,,,,,,,
,,,,,,,
,,,,,,,
,,,,,,,
,,,,,,,
,,,,,,,
,,,,,,,
,,,,,,,
,,,,,,,
,,,,,,,
,,,,,,,
,,,,,,,
,,,,,,,
,,,,,,,
,,,,,,,
,,,,,,,
,,,,,,,
,,,,,,,
,,,,,,,
,,,,,,,
,,,,,,,
,,,,,,,
,,,,,,,
,,,,,,,
,,,,,,,
,,,,,,,
,,,,,,,
,,,,,,,
,,,,,,,
,,,,,,,
,,,,,,,
,,,,,,,
,,,,,,,
,,,,,,,
,,,,,,,
,,,,,,,
,,,,,,,
,,,,,,,
,,,,,,,
,,,,,,,
,,,,,,,
,,,,,,,
,,,,,,,
,,,,,,,
,,,,,,,
,,,,,,,
,,,,,,,
,,,,,,,
,,,,,,,
,,,,,,,
,,,,,,,
,,,,,,,
,,,,,,,
,,,,,,,
,,,,,,,
,,,,,,,
,,,,,,,
,,,,,,,
,,,,,,,
,,,,,,,
,,,,,,,
,,,,,,,
,,,,,,,
,,,,,,,
,,,,,,,
,,,,,,,
,,,,,,,
,,,,,,,
,,,,,,,
,,,,,,,
,,,,,,,
,,,,,,,
,,,,,,,
,,,,,,,
,,,,,,,
,,,,,,,
,,,,,,,
,,,,,,,
,,,,,,,
,,,,,,,
,,,,,,,
,,,,,,,
,,,,,,,
,,,,,,,
,,,,,,,
,,,,,,,
,,,,,,,
,,,,,,,
,,,,,,,
,,,,,,,
,,,,,,,
,,,,,,,
,,,,,,,
,,,,,,,
,,,,,,,
,,,,,,,
,,,,,,,
,,,,,,,
,,,,,,,
,,,,,,,
,,,,,,,
,,,,,,,
,,,,,,,
,,,,,,,
,,,,,,,
,,,,,,,
,,,,,,,
,,,,,,,
,,,,,,,
,,,,,,,
,,,,,,,
,,,,,,,
,,,,,,,
,,,,,,,
,,,,,,,
,,,,,,,
,,,,,,,
,,,,,,,
,,,,,,,
,,,,,,,
,,,,,,,
,,,,,,,
,,,,,,,
,,,,,,,
,,,,,,,
,,,,,,,
,,,,,,,
,,,,,,,
,,,,,,,
,,,,,,,
,,,,,,,
,,,,,,,
,,,,,,,
,,,,,,,
,,,,,,,
,,,,,,,
,,,,,,,
,,,,,,,
,,,,,,,
,,,,,,,
,,,,,,,
,,,,,,,
,,,,,,,
,,,,,,,
,,,,,,,
,,,,,,,
,,,,,,,
,,,,,,,
,,,,,,,
,,,,,,,
,,,,,,,
,,,,,,,
,,,,,,,
,,,,,,,
,,,,,,,
,,,,,,,
,,,,,,,
,,,,,,,
,,,,,,,
,,,,,,,
,,,,,,,
,,,,,,,
,,,,,,,
,,,,,,,
,,,,,,,
,,,,,,,
,,,,,,,
,,,,,,,
,,,,,,,
,,,,,,,
,,,,,,,
,,,,,,,
,,,,,,,
,,,,,,,
,,,,,,,
,,,,,,,
,,,,,,,
,,,,,,,
,,,,,,,
,,,,,,,
,,,,,,,
,,,,,,,
,,,,,,,
,,,,,,,
,,,,,,,
,,,,,,,
,,,,,,,
,,,,,,,
,,,,,,,
,,,,,,,
,,,,,,,
,,,,,,,
,,,,,,,
,,,,,,,
,,,,,,,
,,,,,,,
,,,,,,,
,,,,,,,
,,,,,,,
,,,,,,,
,,,,,,,
,,,,,,,
,,,,,,,
,,,,,,,
,,,,,,,
,,,,,,,
,,,,,,,
,,,,,,,
,,,,,,,
,,,,,,,
,,,,,,,
,,,,,,,
,,,,,,,
,,,,,,,
,,,,,,,
,,,,,,,
,,,,,,,
,,,,,,,
,,,,,,,
,,,,,,,
,,,,,,,
,,,,,,,
,,,,,,,
,,,,,,,
,,,,,,,
,,,,,,,
,,,,,,,
,,,,,,,
,,,,,,,
,,,,,,,
,,,,,,,
,,,,,,,
,,,,,,,
,,,,,,,
,,,,,,,
,,,,,,,
,,,,,,,
,,,,,,,
,,,,,,,
,,,,,,,
,,,,,,,
,,,,,,,
,,,,,,,
,,,,,,,
,,,,,,,
,,,,,,,
,,,,,,,
,,,,,,,
,,,,,,,
,,,,,,,
,,,,,,,
,,,,,,,
,,,,,,,
,,,,,,,
,,,,,,,
,,,,,,,
,,,,,,,
,,,,,,,
,,,,,,,
,,,,,,,
,,,,,,,
,,,,,,,
,,,,,,,
,,,,,,,
,,,,,,,
,,,,,,,
,,,,,,,
